city,line,start_year,end_year,rr,length,tunnel_per,tunnel,stations,ppp_rate,real_cost,cost_km_millions
Vancouver,Broadway,2020,2025,0.0,5.7,87.72%,5.0,6.0,0.84,2377.2,417.0526316
Toronto,Vaughan,2009,2017,0.0,8.6,100.00%,8.6,6.0,0.81,2592,301.3953488
Toronto,Scarborough,2020,2030,0.0,7.8,100.00%,7.8,3.0,0.84,4620,592.3076923
Toronto,Ontario,2020,2030,0.0,15.5,57.00%,8.8,15.0,0.84,7201.32,464.6012903
Toronto,Yonge to Richmond Hill,2020,2030,0.0,7.4,100.00%,7.4,6.0,0.84,4704,635.6756757
Amsterdam,North-South,2003,2018,0.0,9.7,73.00%,7.1,8.0,1.3,4030,415.4639175
Montreal,Blue Line extension,2020,2026,0.0,5.8,100.00%,5.8,5.0,0.84,3780,651.7241379
Seattle,U-Link,2009,2016,0.0,5.1,100.00%,5.1,2.0,1.0,1756,344.3137255
Los Angeles,Purple Phase 3,2020,2027,0.0,4.2,100.00%,4.2,2.0,1.0,3600,857.1428571
Los Angeles,Purple Phase 2,2018,2026,0.0,4.2,100.00%,4.2,2.0,1.0,2400,571.4285714
Los Angeles,Purple Phase 1,2014,2023,0.0,6.3,100.00%,6.3,3.0,1.0,2800,444.4444444
Los Angeles,Regional Connector,2014,2022,0.0,3.1,100.00%,3.1,3.0,1.0,1756,566.4516129
San Francisco,Central Subway,2010,2021,0.0,2.7,100.00%,2.7,4.0,1.0,1670,618.5185185
Boston,Green Line Extension,2012,2021,0.0,7.6,0.00%,0.0,7.0,1.0,2289,301.1842105
Ottawa,Confederation,2013,2019,0.0,12.5,20.00%,2.5,13.0,0.83,1743,139.44
San Jose,BART,2022,2030,0.0,9.6,83.00%,8.0,4.0,1.0,6900,718.75
Sofia,Line 1 northern,2009,2012,0.0,5.1,60.00%,3.1,4.0,1.69,687.83,134.8686275
Sofia,Line 1 southern,2013,2015,0.0,3.0,100.00%,3.0,3.0,3.32,146.08,48.69333333
Sofia,Line 2,2008,2012,0.0,17.0,90.00%,15.3,11.0,3.32,3160.64,185.92
Sofia,Line 2 extension,2012,2016,0.0,1.3,100.00%,1.3,1.0,3.32,69.72,53.63076923
Sofia,Line 3,2016,2021,0.0,12.0,100.00%,12.0,12.0,3.32,1660,138.3333333
Warsaw,Line 2,2010,2015,0.0,6.5,100.00%,6.5,7.0,0.557,3286.3,505.5846154
Warsaw,Line 2 extension to Trocka,2015,2019,0.0,3.1,100.00%,3.1,3.0,0.576,616.32,198.8129032
Warsaw,Line 2 extenision to KJ,2015,2020,0.0,3.4,100.00%,3.4,3.0,0.576,661.248,194.4847059
Warsaw,Line 2 extension to Bródno,2018,2022,0.0,4.0,100.00%,4.0,3.0,0.571,799.4,199.85
Bucharest,Line 5,2014,2019,0.0,6.9,100.00%,6.9,10.0,0.596,1860.712,269.6684058
Moscow,Line 11,2017,2023,0.0,66.7,100.00%,66.7,31.0,0.04,20040,300.4497751
Nizhniy Novgorod,Line 2 extension,2015,2018,0.0,2.5,100.00%,2.5,1.0,0.041,451,180.4
Saint Petersburg,Line 3 extension,2014,2018,0.0,5.0,100.00%,5.0,2.0,0.041,1517,303.4
Saint Petersburg,Line 5 extension,2013,2019,0.0,6.4,97.00%,6.2,3.0,0.041,1828.6,285.71875
Moscow,Line 1 extension,2016,2019,0.0,11.6,14.00%,1.6,3.0,0.04,1641.31476,141.4926517
Prague,Line A extension,2010,2015,0.0,6.1,100.00%,6.1,4.0,0.0752,1519.04,249.0229508
Budapest,Line 4,2006,2014,0.0,7.4,100.00%,7.4,10.0,0.00792,3579.84,483.7621622
Toulouse,Line 3,2021,2025,0.0,27.0,60.00%,16.2,21.0,1.3,3471,128.5555556
Turin,Line 1 phases 1-3,2000,2011,0.0,13.2,100.00%,13.2,21.0,1.25,1307.625,99.0625
Turin,Line 1 south (phase 4),2012,2021,0.0,1.9,100.00%,1.9,2.0,1.3,251.55,132.3947368
Turin,Line 1 west (phase 5),2018,2024,0.0,3.4,100.00%,3.4,4.0,1.3,395.59,116.35
Helsinki,West Metro,2009,2017,0.0,13.5,100.00%,13.5,8.0,1.3,1541.8,114.2074074
Helsinki,Ring Rail Line,2009,2015,1.0,18.0,44.00%,8.0,5.0,1.3,1005.94,55.88555556
Stockholm,Arenastaden,2020,2030,0.0,4.1,100.00%,4.1,2.0,0.115,540.5,131.8292683
Stockholm,Nacka/Söderort,2020,2030,0.0,11.5,100.00%,11.5,6.0,0.115,1656,144.0
Stockholm,Barkarby,2020,2026,0.0,3.3,100.00%,3.3,2.0,0.115,379.5,115.0
Stockholm,Citybanan,2007,2017,1.0,7.4,81.00%,6.0,2.0,0.1125,1890,255.4054054
Malmo,Citytunneln,2005,2010,1.0,17.0,35.00%,6.0,3.0,0.106,895.7,52.68823529
London,Northern Line Extension,2015,2021,0.0,3.2,100.00%,3.2,2.0,1.47,1764,551.25
Mexico City,Line 12,2008,2012,0.0,24.5,43.00%,10.5,20.0,0.13,6227.78,254.195102
Taipei,Wanda Line Phase 2,2021,2028,0.0,13.3,21.05%,2.8,13.0,0.068,3776.04,283.912782
Milan,Line 5 phase 1,2007,2013,0.0,6.1,100.00%,6.1,9.0,1.3,724.1,118.704918
Milan,Line 5 phase 2,2010,2015,0.0,6.5,100.00%,6.5,10.0,1.3,1034.8,159.2
Milan,Line 4,2015,2023,0.0,15.2,100.00%,15.2,21.0,1.3,2205.71,145.1125
Paris,GPX,2017,2030,0.0,200.0,80.00%,160.0,68.0,1.3,45604,228.02
Milan,Passante Railway,1984,2008,1.0,13.0,60.00%,7.8,10.0,1.3,1189.5,91.5
Hanoi,Line 3,2010,2013,0.0,12.5,32.00%,4.0,12.0,0.000126,4536,362.88
Hanoi,Line 2,2011,2020,0.0,11.5,74.00%,8.5,12.0,0.000126,2463.93,214.2547826
Seoul,Sinbundang,2005,2011,0.0,17.3,100.00%,17.3,6.0,0.0013,1519.7,87.84393064
Seoul,Sinbundang phase 2,2011,2018,0.0,12.8,100.00%,12.8,7.0,0.0013,1333.15,104.1523438
Guadalajara,Line 3,2014,2020,0.0,21.5,25.00%,5.4,18.0,0.106,3339,155.3023256
Leipzig,City Tunnel,2003,2013,1.0,3.6,100.00%,3.6,4.0,1.3,1248,346.6666667
Rome,Line B1 extension,2010,2015,0.0,3.9,100.00%,3.9,3.0,1.3,685.49,175.7666667
Rome,Line C - section T6a,2007,2013,0.0,2.8,100.00%,2.8,4.0,1.3,518.7,185.25
Rome,Line C - section T4-5,2007,2013,0.0,7.3,100.00%,7.3,9.0,1.3,1417,194.109589
Rome,Line C - section T3,2013,2023,0.0,2.8,100.00%,2.8,2.0,1.3,955.5,341.25
Berlin,U55,2004,2009,0.0,1.8,100.00%,1.8,3.0,1.3,416,231.1111111
Berlin,U5-U55 connection,2010,2020,0.0,2.2,100.00%,2.2,3.0,1.3,682.5,310.2272727
Brussels,Line 3,2020,2028,0.0,4.4,100.00%,4.4,7.0,1.3,1170,265.9090909
Copenhagen,City Circle Line,2009,2019,0.0,15.5,100.00%,15.5,17.0,0.138,3491.4,225.2516129
Oslo,Løren Line,2013,2016,0.0,1.6,100.00%,1.6,1.0,0.107,142.31,88.94375
Oslo,Fornebu Line,2020,2027,0.0,8.2,100.00%,8.2,6.0,0.1,1600,195.1219512
Sydney,Metro City & SW,2017,2024,0.0,30.0,51.00%,15.3,7.0,0.69,10695,356.5
Sydney,Metro NW,2013,2019,0.0,36.0,42.00%,15.1,13.0,0.69,5382,149.5
Melbourne,Metro Tunnel,2018,2025,0.0,9.0,100.00%,9.0,5.0,0.69,7590,843.3333333
Singapore,Downtown MRT Line,2008,2017,0.0,41.9,100.00%,41.9,34.0,1.18,24780,591.4081146
Singapore,Thomson MRT Line,2014,2024,0.0,43.0,100.00%,43.0,32.0,1.13,28250,656.9767442
Toronto,Eglinton Crosstown,2011,2022,0.0,19.0,53.00%,10.0,25.0,0.83,4399,231.5263158
Mumbai,Monorail,2009,2019,0.0,20.2,0.00%,0.0,17.0,0.054,1620,80.1980198
Mumbai,Line 3,2016,2022,0.0,33.5,100.00%,33.5,27.0,0.047,15040,448.9552239
Mumbai,Line 2A,2016,2021,0.0,18.6,0.00%,0.0,17.0,0.048,3076.8,165.4193548
Mumbai,Line 2B,2018,2023,0.0,23.5,0.00%,0.0,22.0,0.047,5163.42,219.72
Mumbai,Line 4,2018,2022,0.0,32.3,0.00%,0.0,32.0,0.047,6838.03,211.7037152
Mumbai,Line 4A,2019,2022,0.0,2.7,0.00%,0.0,2.0,0.048,377.28,139.7333333
Mumbai,Line 5,2017,2024,0.0,24.9,0.00%,0.0,16.0,0.047,3955.755,158.8656627
Mumbai,Line 6,2017,2022,0.0,14.5,0.00%,0.0,13.0,0.05,2783.5,191.9655172
Mumbai,Line 7,2016,2021,0.0,16.5,0.00%,0.0,16.0,0.048,2979.84,180.5963636
Mumbai,Line 7A + 9,2019,2022,0.0,13.5,16.00%,2.2,11.0,0.047,3063.46,226.922963
Mumbai,Line 10,2020,2024,0.0,9.2,8.00%,0.7,4.0,0.048,1834.08,199.3565217
Mumbai,Line 11,2020,2026,0.0,12.8,69.00%,8.8,10.0,0.048,3400.8,265.6875
Mumbai,Line 12,2020,2026,0.0,20.8,0.00%,0.0,17.0,0.048,2274.24,109.3384615
Athens,Line 4,2019,2027,0.0,12.8,100.00%,12.8,15.0,1.3,1726.4,134.875
Athens,Line 3 to Piraeus,2012,2021,0.0,7.6,100.00%,7.6,6.0,1.3,964.6,126.9210526
Thessaloniki,Main line,2006,2020,0.0,9.5,100.00%,9.5,13.0,1.3,1445.6,152.1684211
Thessaloniki,Kalamaria Extension,2013,2021,0.0,4.8,100.00%,4.8,5.0,1.3,737.1,153.5625
Busan,Line 1 extension,2009,2017,0.0,8.0,100.00%,8.0,6.0,0.00115,1102.85,137.85625
Seoul,Gimpo Urban Railway,2014,2019,0.0,23.7,100.00%,23.7,10.0,0.00116,1920.148,81.01890295
Seoul,Line 7 extension,2014,2021,0.0,3.9,100.00%,3.9,2.0,0.0011,475.31,121.874359
Seoul,2020s program,2020,2028,0.0,71.0,100.00%,71.0,53.0,0.0011,7953.22,112.0171831
Singapore,Circle Line Stage 6,2017,2025,0.0,4.0,100.00%,4.0,3.0,1.13,5480.5,1370.125
Paris,Line 12 to Aubervilliers,2012,2021,0.0,1.7,100.00%,1.7,2.0,1.25,218.875,128.75
Paris,Line 1 extension,2020,2030,0.0,4.9,100.00%,4.9,3.0,1.3,1183,241.4285714
London,Jubilee line extension,1993,1999,0.0,16.0,80.00%,12.8,11.0,1.4,4900,306.25
Santiago,Line 7,2021,2026,0.0,24.8,100.00%,24.8,21.0,1.7,4930,198.7903226
Santiago,Project 63,2013,2019,0.0,37.0,100.00%,37.0,28.0,1.7,5100,137.8378378
Sao Paulo,Line 5 extension,2010,2019,0.0,12.0,100.00%,12.0,11.0,0.55,3795,316.25
Salvador,Lines 1-2,2000,2017,0.0,33.0,4.00%,1.4,20.0,0.62,2976,90.18181818
Panama City,Line 1,2010,2014,0.0,13.7,53.00%,7.3,12.0,1.74,3495.66,255.1576642
Panama City,Line 2,2015,2019,0.0,21.0,0.00%,0.0,16.0,2.01,4281.3,203.8714286
Panama City,Line 3,2020,2024,0.0,26.7,0.00%,0.0,14.0,2.08,5214.56,195.3018727
Manila,Line 9,2019,2025,0.0,28.3,100.00%,28.3,13.0,0.055,19632.8,693.7385159
Manila,Line 7,2015,2021,0.0,22.8,15.00%,3.4,14.0,0.055,3811.5,167.1710526
Manila,Line 5,2019,2025,0.0,11.0,100.00%,11.0,10.0,2.66,6650,604.5454545
Manila,Line 4,2021,2025,0.0,15.6,0.00%,0.0,11.0,0.055,3261.5,209.0705128
Vienna,Line 2 extension,2010,2013,0.0,4.2,0.00%,0.0,3.0,1.3,416,99.04761905
Vienna,Line 1 extension,2012,2017,0.0,4.7,57.00%,2.7,5.0,1.3,780,165.9574468
Vienna,U2/U5 cross,2019,2029,0.0,9.0,100.00%,9.0,11.0,1.3,2860,317.7777778
Kochi,Metro,2013,2017,0.0,13.0,0.00%,0.0,11.0,0.052,2694.12,207.24
Delhi,Phase 3,2012,2020,0.0,160.6,33.00%,53.0,109.0,0.05,20539.5,127.892279
Delhi,Phase 4 first half,2019,2025,0.0,61.7,36.00%,22.3,46.0,0.047,11725.8655,190.0464425
Delhi,Phase 4 second half,2019,2025,0.0,42.3,35.00%,14.7,43.0,0.047,10122.0845,239.2927778
Tehran,Line 3 extension to SW,2012,2014,0.0,12.0,100.00%,12.0,11.0,0.00012,2400,200.0
Madrid,1995-98 program,1995,1998,0.0,56.0,68.00%,38.0,37.0,1.25,1973.75,35.24553571
Madrid,1999-2003 program,1999,2003,0.0,75.0,77.00%,58.0,39.0,1.25,3946.25,52.61666667
Lisbon,Circular line,2021,2023,0.0,2.0,100.00%,2.0,2.0,1.3,280.8,140.4
Porto,"Pink line, yellow line",2019,2023,0.0,6.0,47.00%,2.8,7.0,1.3,400.4,66.73333333
Madrid,Eje Transversal,2020,2028,1.0,10.5,100.00%,10.5,4.0,1.3,988,94.0952381
Madrid,Line 2 extension,2008,2011,0.0,4.6,100.00%,4.6,4.0,1.3,409.5,89.02173913
Madrid,Line 9 extension,2009,2015,0.0,3.0,100.00%,3.0,2.0,1.3,248.3,82.76666667
Quito,Metro,2012,2019,0.0,22.9,100.00%,22.9,15.0,1.9,3819,166.768559
Madrid,Chamartin-Atocha tunnel,2003,2008,1.0,7.5,100.00%,7.5,3.0,1.25,687.5,91.66666667
Paris,Line 14,1993,2007,0.0,9.2,100.00%,9.2,9.0,1.25,1514,164.5652174
Toronto,Sheppard,1994,2002,0.0,5.5,100.00%,5.5,5.0,0.81,810,147.2727273
Montreal,Laval extension,2001,2007,0.0,5.2,100.00%,5.2,3.0,0.81,603.45,116.0480769
Karlsruhe,Kombilösung,2010,2021,1.0,4.8,100.00%,4.8,6.0,1.3,1894.49,394.6854167
Dusseldorf,Wehrhahn Line,2007,2016,0.0,3.4,100.00%,3.4,6.0,1.3,1207.7,355.2058824
New York,7 extension,2007,2014,0.0,1.6,100.00%,1.6,1.0,1.0,2400,1500.0
New York,Second Avenue Phase 1,2007,2016,0.0,2.7,100.00%,2.7,3.0,1.0,4450,1648.148148
New York,Second Avenue Phase 2,2019,2029,0.0,2.6,100.00%,2.6,3.0,1.0,6390,2457.692308
New York,East Side Access,2007,2022,1.0,2.8,100.00%,2.8,1.0,1.0,11000,3928.571429
New York,Gateway,2019,2026,1.0,5.3,100.00%,5.3,0.0,1.0,9500,1792.45283
London,Crossrail,2009,2021,1.0,21.0,100.00%,21.0,8.0,1.4,18659.2,888.5333333
Paris,Line 4 to Bagneux,2014,2021,0.0,1.8,100.00%,1.8,2.0,1.3,494,274.4444444
Paris,RER E extension,2018,2022,1.0,8.0,100.00%,8.0,2.0,1.3,2340,292.5
Paris,Line 4 to Montrouge,2008,2013,0.0,1.5,100.00%,1.5,1.0,1.3,240.89,160.5933333
Paris,Line 8 to Pointe-du-Lac,2007,2011,0.0,1.3,0.00%,0.0,1.0,1.25,103.75,79.80769231
Paris,Line 13 to Courtilles,2005,2008,0.0,1.9,100.00%,1.9,2.0,1.25,197.5,103.9473684
Paris,Line 12 to Front Populaire,2007,2012,0.0,1.5,100.00%,1.5,1.0,1.3,383.5,255.6666667
Paris,Line 11,2016,2023,0.0,5.4,90.00%,5.4,6.0,1.3,1409.2,260.962963
Tel Aviv,Red Line,2015,2022,0.0,24.0,50.00%,12.0,34.0,0.268,4716.8,196.5333333
Tel Aviv,Green Line,2018,2024,0.0,38.6,12.00%,4.6,62.0,0.268,5360,138.8601036
Auckland,City Rail Link,2013,2024,1.0,3.5,100.00%,3.5,4.0,0.677,2991.663,854.7608571
Hamburg,U4 to HafenCity U,2007,2012,0.0,3.9,100.00%,3.9,2.0,1.3,424.19,108.7666667
Hamburg,U4 to Elbbrücken,2014,2018,0.0,1.3,100.00%,1.3,1.0,1.3,231.4,178.0
Barcelona,L3 to Trinitat Nova,2001,2008,0.0,1.9,100.00%,1.9,2.0,1.25,188.75,99.34210526
Barcelona,Terrassa tunnel,2008,2015,0.0,4.5,100.00%,4.5,3.0,1.3,521.3,115.8444444
Barcelona,Sabadell tunnel,2006,2017,0.0,4.4,100.00%,4.4,4.0,1.3,559,127.0454545
Barcelona,L2 to Badalona,2006,2010,0.0,0.7,100.00%,0.7,1.0,1.25,87.5,125.0
Barcelona,L5 to Vall d'Hebron,2007,2010,0.0,2.5,100.00%,2.5,3.0,1.25,400,160.0
Barcelona,L9/10,2003,2026,0.0,47.8,91.00%,43.7,52.0,1.3,7740.2,161.9288703
Bilbao,Line 3,2007,2016,0.0,5.9,95.00%,5.6,7.0,1.3,362.7,61.47457627
Seville,Line 1,2003,2009,0.0,18.2,64.00%,11.6,22.0,1.25,1115,61.26373626
Malaga,Lines 1-2,2006,2014,0.0,11.3,81.00%,9.2,17.0,1.3,1131,100.0884956
Dhaka,Line 6,2015,2021,0.0,20.0,0.00%,0.0,16.0,0.032,7040,352.0
Dhaka,Line 1,2020,2026,0.0,31.2,64.00%,20.0,19.0,0.032,16819.52,539.0871795
Dhaka,Line 5,2020,2028,0.0,19.6,70.00%,14.0,14.0,0.032,13196.16,673.2734694
Jakarta,MRT first phase,2013,2019,0.0,15.7,38.00%,5.9,13.0,0.000213,2934.30291,186.8982745
Lyon,Line A to Vaulx,2005,2007,0.0,1.0,100.00%,1.0,1.0,1.25,66.25,66.25
Lyon,Line B to Oullins,2009,2013,0.0,1.8,100.00%,1.8,1.0,1.3,288.6,160.3333333
Lyon,Line B to Hospital-Sud,2017,2023,0.0,2.5,100.00%,2.5,2.0,1.3,512.2,204.88
Lahore,Orange Line,2015,2020,0.0,27.1,6.00%,1.6,26.0,0.033,6039,222.8413284
Bangkok,Sukhumvit Line to Kheka,2012,2018,0.0,12.8,0.00%,0.0,9.0,0.087,1905.648,148.87875
Bangkok,Sukhumvit Line to Khu Khot,2015,2020,0.0,19.0,0.00%,0.0,16.0,0.081,4767.822,250.938
Bangkok,Blue Line extension,2011,2020,0.0,26.9,20.00%,5.4,19.0,0.081,5806.647,215.8604833
Bangkok,Pink Line,2017,2022,0.0,34.5,0.00%,0.0,30.0,0.081,4594.725,133.1804348
Bangkok,Yellow Line,2017,2022,0.0,30.4,0.00%,0.0,23.0,0.081,4436.208,145.9278947
Bangkok,Orange Line,2017,2025,0.0,35.9,75.00%,27.0,28.0,0.081,19060.92,530.9448468
Chiang Mai,Red Line,2022,2027,0.0,15.8,46.00%,7.2,12.0,0.081,2187,138.4177215
Ho Chi Minh City,Line 1,2012,2021,0.0,19.7,13.00%,2.6,14.0,0.000126,5493.6,278.8629442
Ho Chi Minh City,Line 2 first phase,2020,2026,0.0,11.3,82.00%,9.3,11.0,0.000126,6048,535.2212389
Ho Chi Minh City,Line 5 first phase,2025,2029,0.0,8.9,84.00%,7.5,7.0,0.000126,5241.6,588.9438202
Osaka,Tokaido branch relocation,2015,2023,1.0,2.4,100.00%,2.4,1.0,0.01,690,287.5
Osaka,Higashi Line,1999,2019,1.0,20.3,0.00%,0.0,0.0,0.0087,1044,51.42857143
Osaka,Monorail extension,2018,2029,0.0,8.9,0.00%,0.0,4.0,0.01,1050,117.9775281
Tokyo,Fukutoshin Line,2001,2008,0.0,8.9,100.00%,8.9,8.0,0.0074,1850,207.8651685
Tokyo,Minatomirai Line,1993,2004,1.0,4.1,100.00%,4.1,6.0,0.0063,1619.1,394.902439
Tokyo,Oedo Line ring,1992,2000,0.0,27.8,100.00%,27.8,27.0,0.0064,6327.04,227.5913669
Tokyo,Haneda express line,2022,2029,1.0,5.6,100.00%,5.6,2.0,0.01,3000,535.7142857
Tokyo,Tama Monorail first phase,1991,2000,0.0,16.0,0.00%,0.0,19.0,0.006,1453.2,90.825
Tokyo,Monorail to Tokyo Station,2015,2025,1.0,3.0,0.00%,0.0,median,0.01,1095,365.0
Tokyo,Tokyo-Ueno Line,2008,2015,1.0,3.8,0.00%,0.0,0.0,0.009,360,94.73684211
Tokyo,Sotetsu Shin-Yokohama JR Line,2010,2019,1.0,2.7,78.00%,2.1,1.0,0.0097,1080.58,400.2148148
Tokyo,Sotetsu Shin-Yokohama Tokyu Line,2010,2022,1.0,10.0,80.00%,8.0,2.0,0.0095,2762.6,276.26
Fukuoka,Nanakuma Line extension,2014,2022,0.0,1.6,100.00%,1.6,2.0,0.01,587,366.875
Sao Paulo,Line 6 phase 1,2015,2023,0.0,15.9,84.00%,13.4,15.0,0.44,4224,265.6603774
Lucerne,Zentralbahn,2008,2013,1.0,1.5,90.00%,1.4,1.0,0.68,149.736,99.824
Zurich,Durchmesserlinie,2007,2014,1.0,9.6,50.00%,4.8,1.0,0.68,1380.4,143.7916667
Tokyo,Tsukuba Express,1997,2005,0.0,58.3,28.00%,16.3,20.0,0.0077,7310.38,125.3924528
Bangalore,Phase 2,2017,2024,0.0,73.9,0.00%,14.0,62.0,0.047,14426.65,195.2185386
Bangalore,Phase 1,2006,2017,0.0,42.3,20.00%,8.5,41.0,0.064,9219.2,217.9479905
Gurgaon,Phase 1,2009,2013,0.0,5.5,0.00%,0.0,6.0,0.064,696.32,126.6036364
Gurgaon,Phase 2,2013,2017,0.0,6.3,0.00%,0.0,5.0,0.052,1259.96,199.9936508
Nagpur,Phase 1,2014,2020,0.0,38.2,0.00%,0.0,40.0,0.054,4687.2,122.7015707
Ahmadabad,Phase 1,2015,2023,0.0,40.0,16.00%,6.4,33.0,0.047,5969,149.225
Hyderabad,Phase 1,2012,2020,0.0,72.0,0.00%,0.0,66.0,0.05,9400,130.5555556
Chennai,Phase 1,2009,2019,0.0,45.1,53.00%,24.0,34.0,0.054,10800,239.4678492
Chennai,Phase 1 extension,2016,2020,0.0,9.1,26.00%,2.4,9.0,0.048,1809.6,198.8571429
Chennai,Phase 2,2020,2026,0.0,118.9,36.00%,42.8,128.0,0.047,32514.6,273.4617325
Geneva,CEVA,2013,2019,1.0,8.8,96.00%,8.4,4.0,0.68,1065.56,121.0863636
Kyiv,M3 to Vynohradar,2018,2022,0.0,3.7,100.00%,3.7,2.0,0.121,725.153,195.9872973
Kyiv,M4,2021,2026,0.0,20.0,65.00%,13.0,13.0,3.0,6000,300.0
Kharkiv,M3 extension,2018,2024,0.0,3.5,100.00%,3.5,2.0,3.9,1489.8,425.6571429
Taipei,Sanying Line,2016,2023,0.0,14.29,0.00%,0.0,12.0,0.0664,3333.28,233.2596221
Taipei,Danhai LRT,2014,2024,0.0,14.0,0.00%,0.0,20.0,0.0664,1015.92,72.56571429
Taipei,Circular Line first section,2011,2020,0.0,15.4,7.00%,1.1,14.0,0.0664,4646.008,301.6888312
Taipei,Airport MRT,2006,2017,0.0,51.0,21.00%,10.7,22.0,0.0664,7559.64,148.2282353
Taipei,Taoyuan MRT Green Line,2019,2026,0.0,27.8,45.00%,12.5,21.0,0.0664,6524.7296,234.7025036
Taipei,Taoyuan Underground,2019,2030,1.0,17.9,100.00%,17.9,8.0,0.0664,7011.84,391.722905
Kaohsiung,Red and Orange Lines,2001,2008,0.0,43.0,74.00%,31.8,38.0,0.0664,12038.32,279.9609302
Kaohsiung,Urban Railway Underground,2008,2018,1.0,15.4,100.00%,15.4,10.0,0.0664,6631.368,430.6083117
Tainan,Underground Project,2019,2024,1.0,8.2,100.00%,8.2,3.0,0.0664,1949.504,237.7443902
Taichung,Green Line,2010,2020,0.0,16.7,0.00%,0.0,18.0,0.0664,3939.9768,235.9267545
Perth,Forrestfield-Airport Link,2016,2021,1.0,8.5,100.00%,8.5,3.0,0.69,1283.4,150.9882353
Tokyo,Yurikamome,1988,1995,0.0,12.0,0.00%,0.0,12.0,0.0054,919.08,76.59
Buenos Aires,RER,2020,2026,1.0,20.0,100.00%,20.0,4.0,2.02,4646,232.3
Nuremberg,U3 extension,2020,2025,0.0,0.6,100.00%,0.6,1.0,1.3,178.75,297.9166667
Cologne,North-South Stadtbahn,2003,2015,0.0,4.0,100.00%,4.0,6.0,1.3,1352,338.0
Berlin,U8 to Wittenau,1985,1994,0.0,3.6,100.00%,3.6,4.0,1.3,676,187.7777778
Berlin,U2 to Pankow,1997,2000,0.0,0.8,100.00%,0.8,1.0,1.3,70.2,87.75
Frankfurt,U-Bahn Europaviertel,2019,2025,0.0,2.7,52.00%,1.4,4.0,1.3,485.55,179.8333333
Lima,Line 2,2014,2025,0.0,35.0,100.00%,35.0,35.0,1.9,11088.4,316.8114286
Kuala Lumpur,Kajang Line,2012,2017,0.0,51.0,19.00%,9.5,31.0,0.7,14700,288.2352941
Kuala Lumpur,Putrajaya Line (MRT 2),2016,2023,0.0,52.2,26.00%,13.5,41.0,0.7,21371,409.4061303
Istanbul,M2-M6,1992,2015,0.0,26.79,96.68%,22.6,19.0,1.8,3150,117.58
Istanbul,M3 Phase 1,2006,2013,0.0,15.9,100.00%,15.9,11.0,1.6,2169.6,136.45
Istanbul,M4 Phase 1,2005,2012,0.0,21.7,100.00%,21.7,16.0,1.7,2189.6,100.9
Istanbul,M4 Phase 2,2013,2016,0.0,4.4,100.00%,4.4,3.0,2.3,333.5,75.8
Istanbul,M5 Phase 1,2011,2018,0.0,19.7,100.00%,19.7,16.0,2.3,1991.8,101.11
Istanbul,BC1,2004,2013,1.0,13.6,100.00%,13.6,5.0,1.7,2805,206.25
Istanbul,CR3,2011,2019,1.0,63.0,0.00%,0.0,36.0,2.3,2985.4,47.39
Istanbul,M7 Phase1-2,2014,2022,0.0,23.75,96.21%,22.85,19.0,3.0,2688,113.18
Izmir,M1 Phase 1,1995,2000,0.0,11.6,29.31%,3.4,10.0,2.0,1200,103.45
Izmir,M1 Phase 2,2005,2014,0.0,5.35,100.00%,5.35,6.0,1.1,277.2,51.81
Izmir,M1 Phase 3,2010,2012,0.0,2.25,100.00%,2.25,2.0,1.0,106,47.11
Ankara,M4,2003,2017,0.0,9.22,100.00%,9.22,9.0,1.1,1100,119.31
Bursa,Bursaray,1997,2014,0.0,39.0,16.03%,6.25,38.0,2.1,892.5,22.88
Beijing,Line 4,2004,2009,0.0,28.2,95.17%,26.837,24.0,0.3517,5381.01,190.82
Beijing,Line 13,1999,2003,0.0,40.85,0.00%,0.0,17.0,0.37,2430.90,59.51
Shanghai,Line 2 Eastern Extension 1,1999,2000,0.0,2.72,31.99%,0.87,1.0,0.37,116.46,42.82
Shanghai,Line 2 Western Extension 1,2001,2006,0.0,6.155,100.00%,6.155,4.0,0.3545,1236.64,200.92
Shanghai,Line 2 Eastern Extension 2,2006,2010,0.0,30.8,69.81%,21.5,10.0,0.3143,3467.36,112.58
Shanghai,Line 3,1997,2000,0.0,24.975,0.00%,0.0,19.0,0.37,3469.86,138.93
Shanghai,Line 5 Phase 1,2000,2002,0.0,17.206,0.00%,0.0,11.0,0.3683,1265.85,73.57
Shanghai,Line 5 Southern Extension,2014,2018,0.0,19.628,39.47%,7.747,9.0,0.2507,2662.18,135.63
Shanghai,Line 7 Phase 1,2005,2009,0.0,34.388,100.00%,34.388,28.0,0.3323,6214.01,180.7
Shanghai,Line 7 Northern Extension,2009,2011,0.0,9.978,70.25%,7.01,5.0,0.3004,948.36,95.05
Shanghai,Line 9 Phase 2,2005,2009,0.0,14.5,100.00%,14.5,10.0,0.3323,2970.76,204.88
Shanghai,Line 9 Phase 3,2009,2012,0.0,5.372,100.00%,5.372,3.0,0.3004,841.12,156.57
Shanghai,Line 9 Phase 3 Eastern Extension,2013,2017,0.0,13.828,100.00%,13.828,9.0,0.2583,3283.77,237.47
Shanghai,Line 10 Phase 1,2005,2010,0.0,36.221,100.00%,36.221,31.0,0.3323,7903.42,218.2
Shanghai,Line 11 Phase 1,2007,2009,0.0,46.008,47.11%,21.676,21.0,0.3143,5955.99,129.46
Shenzhen,Line 6 Phase 1,2015,2020,0.0,37.626,34.58%,13.01,20.0,0.2729,4585.15,121.86
Shenzhen,Line 6 (feeder),2018,2022,0.0,6.13,86.54%,5.305,4.0,0.2379,902.71,147.26
Shenzhen,Line 13 Southern Extension,2020,2025,0.0,4.47,100.00%,4.47,3.0,0.2382,1181.95,264.42
Shenzhen,Line 20 Phase 1,2020,2021,0.0,8.43,100.00%,8.43,5.0,0.2382,2981.31,353.65
Hangzhou,Line 1 Phase 1,2007,2012,0.0,48.0,,,31.0,0.3323,7335.85,152.83
Nanjing,Line 1 Phase 1,2000,2005,0.0,21.72,65.98%,14.33,16.0,0.3678,3126.15,143.93
Wuhan,Line 1 Phase 1,2000,2003,0.0,10.234,0.00%,0.0,10.0,0.3678,808.75,79.03
Wuhan,Line 1 Phase 2,2005,2010,0.0,18.25,0.00%,0.0,16.0,0.3517,1635.33,89.61
Wuhan,Line 1 Phase 3 Hankou North,2011,2013,0.0,5.7,0.00%,0.0,3.0,0.2838,670.05,117.55
Kunming,Line 1 Phase 1 and Line 2 Phase 1,2010,2014,0.0,42.1,69.83%,29.4,31.0,0.3004,6950.14,165.09
Beijing,Line 28,2017,2021,0.0,8.777,100.00%,8.777,9.0,0.2382,3037.16,346.04
Beijing,Line 11 West,2019,2021,0.0,4.0,100.00%,4.0,4.0,0.2382,1164.84,291.21
Shenzhen,Line 13,2018,2023,0.0,23.0,100.00%,23.0,14.0,0.239,5133.84,223.21
Beijing,Line 3 Phase 1+2,2016,2021,0.0,37.4,55.61%,20.8,27.0,0.2583,10720.74,286.65
Beijing,Line 12,2017,2021,0.0,29.2,100.00%,29.2,21.0,0.2583,8369.93,286.64
Guangzhou,Line 13 Phase 2,2017,2021,0.0,33.6,100.00%,33.6,23.0,0.239,8861.14,263.72
Guangzhou,Line 10,2017,2022,0.0,25.2,100.00%,25.2,19.0,0.2379,6879.16,272.98
Shenzhen,Line 12,2017,2022,0.0,40.0,100.00%,40.0,33.0,0.239,9115.68,227.89
Beijing,Line 8 Phase 4,2016,2018,0.0,3.4,29.08%,0.9886,2.0,0.2583,883.49,259.85
Chengdu,Line 18 Phase 3,2019,2024,0.0,14.29,100.00%,14.29,7.0,0.2382,3491.19,244.31
Tianjin,M8 Phase 1,2017,2020,0.0,20.0,100.00%,20.0,18.0,0.2583,5180.32,259.02
Beijing,Line 19 Phase 1,2017,2021,0.0,22.4,100.00%,22.4,10.0,0.2583,5729.79,255.79
Beijing,Line 17,2015,2022,0.0,49.7,100.00%,49.7,21.0,0.2583,12709.89,255.73
Beijing,Line 16,2013,2021,0.0,49.8,100.00%,49.8,29.0,0.2729,13509.83,271.28
Beijing,Line 25 Phase 2 (Fangshan Northern Extension),2017,2020,0.0,5.0,,,4.0,0.2583,1255.49,251.1
Tianjin,M10 Phase 1,2015,2020,0.0,24.0,100.00%,24.0,23.0,0.2583,5994.06,249.75
Tianjin,M7 Phase 1,2017,2020,0.0,26.9,100.00%,26.9,24.0,0.2583,6640.14,246.85
Wuhan,Line 12 (Ring),2020,2024,0.0,59.9,100.00%,59.9,37.0,0.2379,13888.44,231.86
Nanchang,Line 2 Eastern Extension,2017,2020,0.0,4.7,100.00%,4.7,4.0,0.2583,1141.82,242.94
Chengdu,Line 8 Phase 2,2019,2024,0.0,7.83,100.00%,7.83,7.0,0.2382,1775.13,226.71
Tianjin,M11 Phase 1,2017,2020,0.0,25.4,100.00%,25.4,25.0,0.2583,6098.42,240.1
Shenzhen,Line 16,2018,2023,0.0,27.6,100.00%,27.6,24.0,0.239,6579.83,238.4
Guangzhou,Line 12,2018,2023,0.0,37.6,100.00%,37.6,25.0,0.239,8393.88,223.24
Beijing,Line 7 Phase 2 (Eastern Extension),2016,2020,0.0,17.2,87.21%,15.0,9.0,0.2507,3843.07,223.43
Hangzhou,Line 9 Phase 1,2017,2022,0.0,17.8,,,14.0,0.2507,3925.04,220.51
Beijing,Line 27 Phase 2 (Changping Southern Extension),2019,2021,0.0,16.6,,,8.0,0.2583,3676.05,221.45
Nanjing,Line 5,2015,2020,0.0,37.2,100.00%,37.2,29.0,0.2583,8183.93,220.0
Tianjin,B1 Phase 1,2015,2020,0.0,31.4,90.13%,28.3,22.0,0.2583,6842.68,217.92
Shenzhen,Line 14,2018,2022,0.0,51.9,100.00%,51.9,17.0,0.239,10270.08,197.88
Beijing,Line 6 Phase 1 and 2,2008,2014,0.0,42.85,100.00%,42.85,27.0,0.3174,10234.85,238.85
Changsha,Line 6 Central,2017,2021,0.0,26.5,100.00%,26.5,20.0,0.239,5344.17,201.67
Nanjing,Line 1 Northern Extension,2015,2019,0.0,7.2,93.00%,6.7,5.0,0.2583,1534.49,213.12
Hangzhou,Line 10 Phase 1,2018,2022,0.0,15.9,100.00%,15.9,13.0,0.2507,3286.29,206.68
Wuhan,Line 8 Phase 2,2018,2021,0.0,16.7,100.00%,16.7,12.0,0.2583,3557.74,213.04
Changsha,Line 7 Phase 1,2017,2021,0.0,21.6,100.00%,21.6,16.0,0.239,4333.65,200.63
Nanchang,Line 3,2015,2020,0.0,26.8,100.00%,26.8,median,0.2889,6370.99,237.72
Xiamen,Line 6,2017,2022,0.0,44.5,100.00%,44.5,27.0,0.2507,9141.14,205.42
Nanjing,Line 4 Phase 2,2016,2020,0.0,9.7,100.00%,9.7,6.0,0.2507,1979.19,204.04
Nanjing,Line 10 Phase 2,2017,2020,0.0,12.1,100.00%,12.1,7.0,0.2583,2510.98,207.52
Guangzhou,Line 14 Phase 2,2017,2021,0.0,11.6,100.00%,11.6,7.0,0.239,2269.12,195.61
Chengdu,Line 13 Phase 1,2019,2024,0.0,28.85,91.16%,26.3,19.0,0.2382,5632.21,195.22
Nanning,Line 5 Phase 1,2016,2020,0.0,20.6,100.00%,20.6,18.0,0.2583,3955.31,192.01
Guangzhou,Line 22,2017,2020,0.0,31.8,100.00%,31.8,6.0,0.239,6181.88,194.4
Guangzhou,Line 5 Eastern Extension,2018,2022,0.0,9.7,100.00%,9.7,6.0,0.239,1879.06,193.72
Hangzhou,Line 6 Phase 2,2017,2022,0.0,8.3,100.00%,8.3,6.0,0.2507,1642.02,197.83
Xiamen,Line 2 Phase 2,2016,2020,0.0,15.5,100.00%,15.5,9.0,0.2507,3062.92,197.61
Fuzhou,Line 5 Phase 1,2016,2020,0.0,24.6,100.00%,24.6,20.0,0.2583,4982.69,202.55
Nanjing,Line 9 Phase 1,2016,2020,0.0,18.0,100.00%,18.0,15.0,0.2583,3645.05,202.5
Changsha,Line 5 South Extension,2018,2022,0.0,8.43,100.00%,8.43,7.0,0.239,1607.79,190.72
Wuhan,Line 5,2017,2021,0.0,31.9,100.00%,31.9,27.0,0.2583,6448.98,202.16
Chongqing,Line 5 Northern Extension,2019,2024,0.0,8.95,100.00%,8.95,7.0,0.2379,1705.04,190.51
Beijing,Line 13A,2019,2022,0.0,30.2,60.26%,18.2,18.0,0.2382,5707.48,188.99
Changchun,Line 5 Phase 1,2020,2026,0.0,19.5,100.00%,19.5,18.0,0.2379,3658.90,187.64
Wuhan,Line 11 East,2017,2021,0.0,32.1,100.00%,32.1,20.0,0.2583,6360.11,198.13
Nanjing,Line 2 Western Extension,2017,2020,0.0,5.6,100.00%,5.6,4.0,0.2583,1105.66,197.44
Nanning,Line 2 Eastern Extension,2017,2021,0.0,6.5,100.00%,6.5,4.0,0.239,1170.65,180.1
Nanjing,Line 7,2016,2020,0.0,35.7,100.00%,35.7,25.0,0.2583,7031.77,196.97
Fuzhou,Line 4 Phase 1,2017,2021,0.0,24.2,100.00%,24.2,21.0,0.2583,4762.59,196.8
Chengdu,Line 30 Phase 1,2019,2024,0.0,24.78,100.00%,24.78,24.0,0.2382,4552.64,183.72
Beijing,Line 7 Phase 1,2009,2014,0.0,23.7,100.00%,23.7,21.0,0.266,4256.45,179.6
Nanchang,Line 4 Phase 1,2016,2021,0.0,38.2,84.29%,32.2,29.0,0.2583,7401.19,193.75
Hangzhou,Line 4 Phase 2,2017,2022,0.0,23.4,,,15.0,0.2507,4358.99,186.28
Changsha,Line 6 West,2018,2022,0.0,10.05,100.00%,10.05,7.0,0.239,1808.08,179.91
Hangzhou,Line 8 Phase 1,2018,2022,0.0,17.2,100.00%,17.2,8.0,0.2507,3168.21,184.2
Guangzhou,Line 7 Phase 2,2018,2022,0.0,21.8,100.00%,21.8,11.0,0.239,3880.26,177.99
Hangzhou,Line 3 Phase 1,2017,2021,0.0,52.2,100.00%,52.2,35.0,0.2507,9465.78,181.34
Guangzhou,Line 18,2017,2020,0.0,62.5,100.00%,62.5,9.0,0.239,11006.45,176.1
Shenyang,Line 6 Phase 1,2020,2026,0.0,36.0,,,32.0,0.2382,6276.80,174.36
Chengdu,Line 17 Phase 2,2019,2024,0.0,27.6,100.00%,27.6,17.0,0.2382,4767.51,172.74
Nanning,Line 4 Phase 1,2015,2019,0.0,21.4,100.00%,21.4,17.0,0.2583,3905.71,182.51
Nanning,Line 3 Phase1,2015,2019,0.0,27.7,100.00%,27.7,23.0,0.2583,4996.90,180.39
Guiyang,Line 3 Phase 1,2018,2023,0.0,43.135,100.00%,43.135,29.0,0.239,7539.44,174.79
Hefei,Line 5 Phase 1,2016,2020,0.0,40.3,100.00%,40.3,34.0,0.266,7561.59,187.63
Hangzhou,Line 1 Phase 3,2017,2022,0.0,11.5,100.00%,11.5,5.0,0.2507,1954.37,169.95
Kunming,Line 1 Northwestern Extension,2014,2016,0.0,7.9,100.00%,7.9,7.0,0.2729,1520.47,192.46
Chongqing,Line 10,2014,2020,0.0,44.09,81.15%,35.78,27.0,0.2379,7397.24,167.78
Nanjing,Line 6,2016,2020,0.0,34.8,100.00%,34.8,17.0,0.2583,6174.12,177.42
Hefei,Line 3 Phase 1,2014,2019,0.0,37.7,92.00%,34.6,32.0,0.266,6935.62,183.97
Nanjing,Line S8 Southern Extension,2017,2020,0.0,2.5,100.00%,2.5,2.0,0.239,408.94,163.58
Chongqing,Line 5A,2019,2024,0.0,28.96,62.57%,18.12,19.0,0.2379,4836.82,167.02
Fuzhou,Line 6,2015,2019,0.0,40.5,79.01%,32.0,20.0,0.2583,7159.91,176.79
Shanghai,Airport Contact Line,2019,2025,0.0,68.6,83.00%,56.7,9.0,0.2379,11430.54,166.63
Beijing,Line 10 North and East,2003,2008,0.0,24.64,100.00%,24.64,22.0,0.3517,4818.85,195.57
Changsha,Line 5 Phase 1,2014,2018,0.0,22.7,100.00%,22.7,18.0,0.2808,4398.48,193.77
Wuhan,Line 7 South,2016,2020,0.0,14.2,100.00%,14.2,7.0,0.2583,2479.98,174.65
Changchun,Line 7 Phase 1,2020,2025,0.0,22.5,100.00%,22.5,19.0,0.2379,3706.71,164.74
Shenyang,Line 1 Eastern Extension,2020,2025,0.0,15.0,100.00%,15.0,9.0,0.2382,2465.46,164.36
Nanjing,Line 11 Phase 1,2017,2021,0.0,27.0,95.93%,25.9,20.0,0.239,4342.97,160.85
Xiamen,Line 3 Phase 2,2016,2020,0.0,22.6,74.34%,16.8,13.0,0.239,3621.89,160.26
Hefei,Line 4 Phase 1,2015,2020,0.0,36.0,100.00%,36.0,28.0,0.266,6461.56,179.49
Guiyang,Line 2 Phase 2,2017,2022,0.0,12.8,81.25%,10.4,8.0,0.239,2025.57,158.25
Chengdu,Line 10 Phase 3,2019,2024,0.0,5.5,100.00%,5.5,4.0,0.2382,885.18,160.94
Wuhan,Line 4 Western Extension,2016,2018,0.0,4.0,85.00%,3.4,2.0,0.2583,680.44,170.11
Tianjin,Z4 Phase 1,2015,2020,0.0,43.7,34.55%,15.1,20.0,0.2583,7413.85,169.65
Beijing,Daxing Airport Express Phase 1,2016,2019,0.0,44.0,,,3.0,0.2382,6626.97,150.61
Beijing,Line 8 Phase 1 for Olympics,2005,2008,0.0,4.528,100.00%,4.528,4.0,0.3517,851.21,187.99
Changsha,Line 3 Phase 1,2012,2016,0.0,35.6,100.00%,35.6,25.0,0.2808,6635.21,186.38
Chengdu,Line 27 Phase 1,2019,2024,0.0,22.2,59.46%,13.2,20.0,0.2382,3528.59,158.95
Hangzhou,Line 7,2017,2021,0.0,45.0,100.00%,45.0,24.0,0.239,6930.45,154.01
Taiyuan,Line 1 Phase 1,2014,2018,0.0,24.1,,,21.0,0.2808,4434.15,183.99
Changsha,Line 4 Phase 1,2013,2017,0.0,33.5,,,24.0,0.2808,6160.63,183.9
Suzhou,Line 6,2018,2023,0.0,34.2,100.00%,34.2,28.0,0.2379,5647.00,165.12
Xi'an,Line 15 Phase 1,2020,2025,0.0,19.0,100.00%,19.0,11.0,0.2382,2962.36,155.91
Guiyang,S2 Phase 1 North,2017,2021,0.0,32.1,98.44%,31.6,16.0,0.239,4882.89,152.11
Changsha,Line 2 West Extension Phase 2,2017,2021,0.0,13.99,98.50%,13.78,11.0,0.2382,2653.07,189.64
Kunming,Line 1 Feeder,2013,2015,0.0,5.2,100.00%,5.2,4.0,0.2729,902.29,173.52
Hangzhou,Line 2 Phase 3,2017,2020,0.0,1.6,,,1.0,0.239,236.14,147.59
Zhengzhou,Line 8 Phase 1,2020,2024,0.0,50.63,100.00%,50.63,27.0,0.2382,7389.11,145.94
Chengdu,Line 19 Phase 2,2019,2024,0.0,45.6,100.00%,45.6,10.0,0.2382,6771.08,148.49
Taiyuan,Line 2 Phase 1,2012,2016,0.0,25.1,,,22.0,0.2808,4251.33,169.38
Shenyang,Line 3 Phase 1,2019,2025,0.0,38.4,,,28.0,0.2382,5509.77,143.48
Guangzhou,Line 3 Eastern Extension,2019,2022,0.0,9.6,100.00%,9.6,4.0,0.2382,1357.26,141.38
Beijing,Daxing Line,2007,2010,0.0,21.8,80.28%,17.5,11.0,0.3323,3632.44,166.63
Xi'an,Line 16 Phase 1,2019,2024,0.0,15.1,100.00%,15.1,8.0,0.2382,2109.81,139.72
Tianjin,Z2 Phase 1,2017,2020,0.0,52.8,33.90%,17.9,5.0,0.2583,7743.48,146.66
Kunming,Line 3 Phase 2,2016,2018,0.0,4.0,0.00%,,3.0,0.2729,618.72,154.68
Changchun,Line 2 Eastern Extension,2020,2025,0.0,9.1,100.00%,9.1,6.0,0.2379,1220.50,134.12
Hangzhou,Line 5 Phase 2,2017,2020,0.0,3.2,,,2.0,0.239,419.22,131.01
Guiyang,S1 Phase 1,2016,2020,0.0,28.5,52.98%,15.1,12.0,0.239,3699.57,129.81
Changsha,Line 2 West Extension Phase 1,2012,2015,0.0,4.5,100.00%,4.5,4.0,0.2808,692.50,153.89
Beijing,Line 5,2002,2007,0.0,27.6,,,23.0,0.3545,4253.81,154.12
Chongqing,Ring Line,2012,2016,0.0,50.47,,,33.0,0.2729,7459.06,147.79
Changsha,Line 1 North Extension Phase 1,2017,2021,0.0,9.93,54.38%,5.4,5.0,0.2382,1271.27,128.02
Kunming,Line 5,2015,2018,0.0,24.0,,,20.0,0.2729,3523.74,146.82
Xiamen,Line 4,2017,2022,0.0,69.6,44.83%,31.2,18.0,0.239,8665.39,124.5
Chongqing,Line 6 Branch (EXPO) Phase 2,2016,2020,0.0,13.99,63.83%,8.93,7.0,0.2379,1777.83,127.08
Nanjing,Line 3 Phase 3,2015,2017,0.0,6.6,100.00%,6.6,2.0,0.2583,870.58,131.91
Chongqing,Line 9 Phase 2,2016,2020,0.0,10.77,,,5.0,0.2729,1531.93,142.24
Chongqing,Line 9,2015,2020,0.0,39.0,93.38%,36.417,26.0,0.2729,6369.81,163.33
Chongqing,Line 4 Phase 1,2013,2018,0.0,15.77,70.07%,11.05,9.0,0.2729,2403.11,152.38
Nanchang,Line 1 Eastern Extension,2018,2021,0.0,4.1,100.00%,4.1,2.0,0.2729,556.77,135.8
Changsha,Line 6 East,2018,2022,0.0,12.15,100.00%,12.15,5.0,0.2382,1462.55,120.37
Changchun,Line 4 Southern Extension,2020,2023,0.0,4.0,0.00%,0.0,6.0,0.2379,478.83,119.71
Kunming,Line 4,2016,2019,0.0,43.5,100.00%,43.5,26.0,0.2729,5885.37,135.3
Changsha,Line 4 North Extension,2018,2022,0.0,14.26,14.45%,2.06,8.0,0.2382,1627.14,114.11
Nanchang,Line 2 Western Extension,2015,2018,0.0,8.5,100.00%,8.5,7.0,0.2729,1072.60,126.19
Beijing,Line 15 Phase 1,2009,2014,0.0,41.4,66.91%,27.7,18.0,0.3004,5437.07,131.33
Shanghai,Line 6,2002,2011,0.0,33.09,63.61%,21.05,28.0,0.3719,4462.63,134.86
Wuhan,Line 1 Phase 4 (Jinghe),2015,2017,0.0,3.97,0.00%,0.0,3.0,0.2729,474.89,119.62
Changchun,Line 9 (Konggang),2019,2025,0.0,28.2,49.29%,13.9,8.0,0.2379,3006.66,106.62
Chongqing,Line 5 Phase 1 North,2013,2018,0.0,16.42,100.00%,16.42,10.0,0.2729,2647.38,161.23
Kunming,Line 6,2013,2015,0.0,25.4,,,6.0,0.2729,2770.47,109.07
Beijing,Line 13B,2019,2022,0.0,32.2,31.99%,10.3,15.0,0.2382,3010.96,93.51
Changsha,Line 5 North Extension,2019,2022,0.0,3.65,48.49%,1.77,2.0,0.2382,335.62,91.95
Beijing,Line 8 Northern Extension,2011,2013,0.0,6.328,73.45%,4.648,3.0,0.2838,911.52,144.05
Shanghai,Line 8 Phase 3 (Pujiang Line),2016,2018,0.0,6.689,0.00%,0.0,6.0,0.2729,867.09,129.63
Kunming,Line 1 Southern Extension,2013,2015,0.0,7.3,,,3.0,0.2729,653.66,89.54
Beijing,Capital Airport Express,2005,2008,0.0,28.1,0.00%,0.0,4.0,0.3517,218.89,7.79
Wenzhou,S1 Phase 1,2013,2019,0.0,53.5,18.69%,10.0,21.0,0.266,4949.94,92.52
Lanzhou,Line 2 Phase 1,2015,2020,0.0,9.4,100.00%,9.4,8.0,0.2808,1618.08,172.14
Lanzhou,Line 1 Phase 1,2011,2016,0.0,26.6,100.00%,26.6,20.0,0.2808,4818.87,181.16
Dongguan,Line 1 Phase 1,2019,2024,0.0,57.5,86.00%,49.5,24.0,0.2382,8771.32,152.54
Dongguan,Line 1 Phase 2,2023,2028,0.0,10.9,34.86%,3.8,4.0,0.2382,1442.35,132.33
Dongguan,Line 1 Phase 3,2020,2025,0.0,3.54,100.00%,3.5,1.0,0.2382,411.62,116.28
Dongguan,Line 1 Feeder Phase 1,2022,2027,0.0,25.56,100.00%,25.6,10.0,0.2382,4168.41,163.08
Dongguan,Line 2 Phase 3,2021,2026,0.0,17.5,97.54%,17.1,8.0,0.2382,2747.02,156.97
Dongguan,Line 3 Phase 1,2023,2028,0.0,50.14,100.00%,50.1,18.0,0.2382,7665.08,152.87
Dongguan,Line 3 feeder,2024,2028,0.0,1.8,100.00%,1.8,1.0,0.2382,308.96,171.64
Riyadh,Blue,2015,2016,0.0,38.0,42.63%,16.2,22.0,1.82,11941.02,314.2373684
Riyadh,Red,2014,2020,0.0,25.3,0.00%,0.0,13.0,1.82,5241.6,207.1778656
Riyadh,Orange,2014,2017,0.0,40.7,14.00%,5.7,20.0,1.82,9103.64,223.6766585
Riyadh,Yellow,2014,2020,0.0,29.6,0.00%,0.0,8.0,1.82,4131.4,139.5743243
Riyadh,Green,2015,2016,0.0,12.9,93.02%,12.0,11.0,1.82,4040.4,313.2093023
Riyadh,Purple,2014,2019,0.0,29.9,0.00%,0.0,6.0,1.82,6060.6,202.6956522
Jeddah,Jeddah Metro,2014,2025,0.0,161.1,12.41%,20.0,81.0,1.435,17220,106.8901304
Doha,Doha Metro,2013,2026,0.0,124.0,89.92%,111.5,median,2.5,90000,725.8064516
Bahrain,Phase 1 (Red & Blue),2018,2023,1.0,28.6,0.00%,0.0,20.0,5.0,2265,79.1958042
Dubai,Phase 1 - Red Line,2005,2010,0.0,35.0,13.43%,4.7,29.0,1.8,7560,216.0
Dubai,Phase 2 - Green Line,2006,2010,0.0,22.5,35.11%,7.9,20.0,1.9,6840,304.0
Dubai,Phase 3 (Red Line Extension/Route 2020),2016,2020,0.0,15.0,21.33%,3.2,7.0,1.9,5510,367.3333333
Cairo,Line 1,1982,1987,1.0,44.0,14.32%,6.3,35.0,2.5,2432.5,55.28409091
Cairo,Line 2,1993,2005,0.0,22.0,43.18%,9.5,20.0,1.0,9700,440.9090909
Cairo,Line 3 Phase 1,2006,2012,0.0,4.3,100.00%,4.3,5.0,0.7142857143,3000,697.6744186
Kuwait City,Kuwait Metro,2020,2025,0.0,160.0,35.00%,56.0,68.0,1.52,30400,190.0
Tashkent,Sergeli Line,2017,2020,0.0,7.1,0.00%,7.1,6.0,5.0,711,100.1408451
Tashkent,Yunusabad Line extension,2017,2020,0.0,2.9,100.00%,2.9,2.0,5.0,624,215.1724138
Shanghai,Line 15,2015,2020,0.0,42.3,100.00%,42.3,30.0,0.266,12676.24,299.67
Shanghai,Line 14,2016,2020,0.0,38.514,100.00%,38.514,31.0,0.2729,15744.00,408.79
Shanghai,Line 16,2010,2014,0.0,58.96,23.22%,13.69,median,0.3004,5455.264,92.52
Guangzhou,Line 13 Phase 1,2013,2017,0.0,27.03,100.00%,27.03,11.0,0.2729,5195.96,192.23
Guiyang,Line 1 Phase 1,2013,2017,0.0,34.3,84.55%,29.0,25.0,0.3004,5818.75,169.64
Chengdu,Line 8 Phase 1,2016,2020,0.0,27.4,100.00%,27.4,22.0,0.239,5225.38,190.71
Chengdu,Line 9 Phase 1,2016,2020,0.0,22.2,100.00%,22.2,13.0,0.2382,4824.29,217.31
Chengdu,Line 10 Phase 2,2016,2029,0.0,26.7,38.95%,10.4,9.0,0.239,3144.36,117.77
Istanbul,M3 Phase 2,2015,2023,0.0,8.4,100.00%,8.4,7.0,3.1,1032.3,122.89
Istanbul,M4 Phase 3,2015,2020,0.0,7.5,100.00%,7.5,4.0,3.5,595,79.33
Istanbul,M8,2016,2021,0.0,14.3,100.00%,14.3,11.0,3.1,1968.5,137.66
Istanbul,M5 Phase 2-M13,2016,2022,0.0,17.8,100.00%,17.8,14.0,3.1,2036.7,114.42
Istanbul,M12,2017,2022,0.0,13.0,100.00%,13.0,9.0,3.7,3411.4,262.42
Istanbul,M11 Phase 1,2016,2021,0.0,37.5,100.00%,37.5,9.0,3.1,3503,93.41
Istanbul,M11 Phase 2,2019,2022,0.0,32.0,100.00%,32.0,7.0,3.7,3389.2,105.91
Tashkent,Sergeli Line,2017,2020,0.0,7.1,0.00%,7.1,6.0,5.0,711,100.1408451
Tashkent,Yunusabad Line extension,2017,2020,0.0,2.9,100.00%,2.9,2.0,5.0,624,215.1724138
